Concentration of Red Dye(mg/L)	Absorbance
0	-2.71E-06
1	0.043547926
2	0.234263003
5	0.19977594
10	0.477787379
20	1.020051567
50	2.334382293